Component,Threat,Standard/Protocol,Mitigation
SMGW(Smart Meter Gateway),"Insider Privilege Abuse, Privacy Leakage via Smart Meter Data","TR-03109(mandatory TLS 1.2/1.3, mutual certificate-based authentication, end-to-end encryption, secure storage of cryptographic material)","Prevents unauthorized access and data leakage by ensuring only authenticated entities can send/receive data, and all communications are encrypted. Privacy leakage is minimized by strict access controls and data protection requirements."
VNB-SCADA(Distribution System Operator SCADA),Insider Privilege Abuse,"IEC 62351,IEC 61850(TLS for client-server, MACsec/IPsec for GOOSE/SV, digital signatures)",Ensures only authorized users/devices can access and command the system. Encryption and strong authentication prevent unauthorized manipulation.
Outage Management System (OMS),—,"IEC 62351,IEC 61970/61968,BSI IT-Grundschutz","While OMS is not threat-specific, these standards require secure data exchange (TLS, authentication), audit trails, and role-based access, reducing risk of unauthorized access."
Operational Data Store,"Compromised ODS, Ransomware, Physical Threat","BSI IT-Grundschutz,IT-SiG/KRITIS(if critical)","Mandates robust access controls, logging, encryption at rest, incident response, and backup/restore procedures, mitigating both cyber and physical threats."
IDS/SIEM,Ransomware,"BSI IT-Grundschutz,IT-SiG/KRITIS","Requires continuous monitoring, log aggregation, intrusion detection, and incident response. Ransomware attacks are detected by monitoring for unusual file changes or encryption attempts."
CRL-Server,CRL-Server Compromise,"TR-03109,TR-02102(certificate pinning, secure channels, regular CRL updates)",Ensures the integrity and authenticity of certificate revocation information. Compromise is thwarted by secure transmission and strict validation rules.
PMU(Phasor Measurement Unit),"GPS Spoofing, Physical Threat","IEC 61850,IEC 62351(PTP time sync with authentication)","Spoofing is mitigated by authenticated precision time protocol (PTP). Physical threat is not directly addressed by technical standards, but overall protection is enhanced by anomaly detection and secure communication."
WAMS-Backend,—,"IEC 61850,IEC 62351(TLS, encryption, authentication)",Protects against eavesdropping and manipulation during data transmission and aggregation.
DSO-DMS(Distribution Management System),"Insider Privilege Abuse, Privacy Leakage via Smart Meter Data","IEC 61970/61968,IEC 62351,BSI IT-Grundschutz","Role-based access control, encryption, and logging prevent insider abuse and data privacy violations."
Protected-IED(Intelligent Electronic Device),Physical Threat,"IEC 61850,IEC 62351(GOOSE/SV authentication, encryption)","Physical compromise is not fully mitigated by protocol standards, but manipulation of data/commands is prevented by strong authentication and message integrity."
Operator UI,"Insider Privilege Abuse, Social Engineering, API Abuse, Privacy Leakage, Fingerprinting, Privileged Access Abuse","BSI IT-Grundschutz,IT-SiG/KRITIS","Mandates strong authentication, least privilege, session management, audit trails, user training, and regular access reviews, addressing most relevant threats."
DER-Gateway,"Third Party Integration, Ransomware","IEC 61851,ISO 15118,IEC 63110,BSI IT-Grundschutz","Authentication, secure communication, and regular patching/updating requirements mitigate third-party and ransomware risks. Technical standards mandate secure protocols for communication and data exchange."
VPP Operator,VPP Operator Compromise,"IEC 61970/61968,BSI IT-Grundschutz","Secure data exchange, role-based access, and logging requirements protect against unauthorized access and data manipulation."
Microgrid Controller,"Insider Privilege Abuse, Ransomware","IEC 61850,IEC 62351,BSI IT-Grundschutz","Authentication, encrypted communication, and logging requirements protect against insider threats; anomaly detection and backup procedures help against ransomware."
Customer DER/IoT,"IoT Botnet Participation, Third Party Integration, Physical Threat","IEC 61851,ISO 15118,OCPP,BSI IT-Grundschutz","Secure firmware updates, authentication, and communication protocols reduce risk of IoT devices being hijacked. Physical threat is largely an organizational issue."
Head-End System/Integration Layer,"Third Party Integration, Ransomware","TR-03109(if metering),BSI IT-Grundschutz,IT-SiG/KRITIS(if critical)","Secure communication, strict access controls, and logging requirements mitigate unauthorized access and ransomware risks."
Remote Maintenance/Update Server,"Ransomware, Third Party Integration, Physical Threat","BSI IT-Grundschutz,IT-SiG/KRITIS","Secure remote access (TLS), multi-factor authentication, and strict update procedures protect against ransomware and unauthorized access."
Forecasting System,—,"IEC 61970/61968,BSI IT-Grundschutz","Secure data exchange, authentication, and logging requirements protect against unauthorized access and manipulation."
